Dates,Total_Cases,Daily_Cases,Daily_Cases_Change,Total_Losses,Daily_Losses,Intubated,Out_IC_Total,Out_IC_Daily,Daily_Admissions,Active_Cases,Total_Recovered,Total_RTPCR_tests,Daily_RTPCR_tests,Total_RAPID_AG_tests,Daily_RAPID_AG_tests,Total_Tests,Daily_Tests,Positivity_Rate,Total_Self_Tests,Total_Self_Tests_Recheck,Total_Positive_Self_Tests
26/02/20,1,1,0.0,0,0,0,,,,1,0,0,0,0,0,0,0,,,,
27/02/20,3,2,200.0,0,0,0,,,,3,0,0,0,0,0,0,0,,,,
28/02/20,4,1,33.3,0,0,0,,,,4,0,0,0,0,0,0,0,,,,
29/02/20,7,3,75.0,0,0,0,,,,4,0,0,0,0,0,0,0,,,,
01/03/20,7,0,0.0,0,0,0,,,,7,0,0,0,0,0,0,0,,,,
02/03/20,7,0,0.0,0,0,0,,,,7,0,0,0,0,0,0,0,,,,
03/03/20,7,0,0.0,0,0,0,,,,7,0,570,570,0,0,570,570,0.00,,,
04/03/20,9,2,28.6,0,0,0,,,,9,0,570,0,0,0,570,0,,,,
05/03/20,31,22,244.4,0,0,0,,,,31,0,570,0,0,0,570,0,,,,
06/03/20,45,14,45.2,0,0,1,,,,45,0,570,0,0,0,570,0,,,,
07/03/20,66,21,46.7,0,0,1,,,,46,0,570,0,0,0,570,0,,,,
08/03/20,73,7,10.6,0,0,1,,,,73,0,570,0,0,0,570,0,,,,
09/03/20,84,11,15.1,0,0,1,,,,73,0,570,0,0,0,570,0,,,,
10/03/20,89,5,6.0,0,0,1,,,,89,0,570,0,0,0,570,0,,,,
11/03/20,99,10,11.2,0,0,1,,,,98,0,570,0,0,0,570,0,,,,
12/03/20,117,18,18.2,1,1,1,,,,98,2,2180,1610,0,0,2180,1610,1.12,,,
13/03/20,190,73,62.4,1,0,1,,,,189,2,2700,520,0,0,2700,520,14.04,,,
14/03/20,228,38,20.0,3,2,5,,,,217,8,3400,700,0,0,3400,700,5.43,,,
15/03/20,331,103,45.2,4,1,8,,,,319,10,4000,600,0,0,4000,600,17.17,,,
16/03/20,352,21,6.3,4,0,9,,,,319,10,4320,320,0,0,4320,320,6.56,,,
17/03/20,387,35,9.9,5,1,9,,,,374,14,4320,0,0,0,4320,0,,,,
18/03/20,418,31,8.0,5,0,13,,,,405,14,6000,1680,0,0,6000,1680,1.85,,,
19/03/20,464,46,11.0,6,1,16,,,,404,19,6000,0,0,0,6000,0,,,,
20/03/20,495,31,6.7,10,4,16,,,,470,19,6000,0,0,0,6000,0,,,,
21/03/20,530,35,7.1,13,3,18,,,,498,19,8000,2000,0,0,8000,2000,1.75,,,
22/03/20,624,94,17.7,15,2,34,,,,590,19,8000,0,0,0,8000,0,,,,
23/03/20,695,71,11.4,17,2,35,,,,649,29,8000,0,0,0,8000,0,,,,
24/03/20,743,48,6.9,20,3,45,,,,694,32,8000,0,0,0,8000,0,,,,
25/03/20,821,78,10.5,22,2,53,,,,763,36,10000,2000,0,0,10000,2000,3.90,,,
26/03/20,892,71,8.6,27,5,54,,,,830,42,10000,0,0,0,10000,0,,,,
27/03/20,966,74,8.3,28,1,65,,,,886,52,13477,3477,0,0,13477,3477,2.13,,,
28/03/20,1061,95,9.8,32,4,69,,,,977,52,14363,886,0,0,14363,886,10.72,,,
29/03/20,1156,95,9.0,38,6,69,,,,1066,53,15151,788,0,0,15151,788,12.06,,,
30/03/20,1212,56,4.8,43,5,72,,,,1117,53,15961,810,0,0,15961,810,6.91,,,
31/03/20,1314,102,8.4,49,6,85,,,,1213,53,16732,771,0,0,16732,771,13.23,,,
01/04/20,1415,101,7.7,51,2,90,,,,1313,53,17350,618,0,0,17350,618,16.34,,,
02/04/20,1544,129,9.1,53,2,91,,,,1430,53,18844,1494,0,0,18844,1494,8.63,,,
03/04/20,1613,69,4.5,63,10,92,,,,1472,53,22437,3593,0,0,22437,3593,1.92,,,
04/04/20,1673,60,3.7,68,5,92,,,,1527,53,22437,0,0,0,22437,0,,,,
05/04/20,1735,62,3.7,73,5,93,,,,1584,53,25453,3016,0,0,25453,3016,2.06,,,
06/04/20,1755,20,1.2,80,7,90,,,,1407,269,26193,740,0,0,26193,740,2.70,,,
07/04/20,1832,77,4.4,81,1,90,,,,1482,269,28584,2391,0,0,28584,2391,3.22,,,
08/04/20,1884,52,2.8,83,2,84,,,,1532,269,32528,3944,0,0,32528,3944,1.32,,,
09/04/20,1955,71,3.8,88,5,79,,,,1599,269,33634,1106,0,0,33634,1106,6.42,,,
10/04/20,2009,54,2.8,93,5,77,,,,1650,269,35432,1798,0,0,35432,1798,3.00,,,
11/04/20,2081,72,3.6,98,5,75,,,,1719,269,37344,1912,0,0,37344,1912,3.77,,,
12/04/20,2114,33,1.6,98,0,76,,,,1747,269,42261,4917,0,0,42261,4917,0.67,,,
13/04/20,2145,31,1.5,100,2,73,,,,1777,269,43417,1156,0,0,43417,1156,2.68,,,
14/04/20,2170,25,1.2,101,1,76,,,,1800,269,48798,5381,0,0,48798,5381,0.46,,,
15/04/20,2192,22,1.0,103,2,72,,,,1821,269,50771,1973,0,0,50771,1973,1.12,,,
16/04/20,2207,15,0.7,105,2,69,,,,1833,269,50771,0,0,0,50771,0,,,,
17/04/20,2224,17,0.8,108,3,71,,,,1847,269,50771,0,0,0,50771,0,,,,
18/04/20,2235,11,0.5,110,2,67,,,,1856,269,53290,2519,0,0,53290,2519,0.44,,,
19/04/20,2235,0,0.0,113,3,67,,,,1853,269,53290,0,0,0,53290,0,,,,
20/04/20,2245,10,0.4,117,4,61,,,,1860,269,54344,1054,0,0,54344,1054,0.95,,,
21/04/20,2401,156,6.9,121,4,59,,,,1703,269,55666,1322,0,0,55666,1322,11.80,,,
22/04/20,2408,7,0.3,121,0,55,,,,1710,269,56944,1278,0,0,56944,1278,0.55,,,
23/04/20,2463,55,2.3,127,6,52,,,,1761,269,59241,2297,0,0,59241,2297,2.39,,,
24/04/20,2490,27,1.1,130,3,48,,,,1783,269,61407,2166,0,0,61407,2166,1.25,,,
25/04/20,2506,16,0.6,132,2,47,,,,1799,269,63087,1680,0,0,63087,1680,0.95,,,
26/04/20,2517,11,0.4,134,2,46,,,,1806,269,64608,1521,0,0,64608,1521,0.72,,,
27/04/20,2534,17,0.7,136,2,43,,,,1821,269,66094,1486,0,0,66094,1486,1.14,,,
28/04/20,2566,32,1.3,138,2,40,,,,1851,269,69833,3739,0,0,69833,3739,0.86,,,
29/04/20,2576,10,0.4,139,1,41,,,,1860,269,72130,2297,0,0,72130,2297,0.44,,,
30/04/20,2591,15,0.6,140,1,38,,,,1077,1374,75170,3040,0,0,75170,3040,0.49,,,
01/05/20,2612,21,0.8,140,0,36,,,,1098,1374,77251,2081,0,0,77251,2081,1.01,,,
02/05/20,2620,8,0.3,143,3,37,,,,1103,1374,78207,956,0,0,78207,956,0.84,,,
03/05/20,2626,6,0.2,144,1,37,,,,1108,1374,79332,1125,0,0,79332,1125,0.53,,,
04/05/20,2632,6,0.2,146,2,35,,,,1112,1374,80951,1619,0,0,80951,1619,0.37,,,
05/05/20,2642,10,0.4,146,0,35,,,,1122,1374,83750,2799,0,0,83750,2799,0.36,,,
06/05/20,2663,21,0.8,147,1,36,,,,1142,1374,87052,3302,0,0,87052,3302,0.64,,,
07/05/20,2678,15,0.6,149,2,33,,,,1156,1374,90043,2991,0,0,90043,2991,0.50,,,
08/05/20,2691,13,0.5,151,2,32,,,,1167,1374,94291,4248,0,0,94291,4248,0.31,,,
09/05/20,2710,19,0.7,151,0,28,,,,1185,1374,97384,3093,0,0,97384,3093,0.61,,,
10/05/20,2716,6,0.2,151,0,30,,,,1191,1374,98877,1493,0,0,98877,1493,0.40,,,
11/05/20,2726,10,0.4,152,1,32,,,,1201,1374,99363,486,0,0,99363,486,2.06,,,
12/05/20,2744,18,0.7,153,1,32,,,,1218,1374,106054,6691,0,0,106054,6691,0.27,,,
13/05/20,2760,16,0.6,156,3,28,,,,1231,1374,112042,5988,0,0,112042,5988,0.27,,,
14/05/20,2770,10,0.4,157,1,24,,,,1240,1374,116233,4191,0,0,116233,4191,0.24,,,
15/05/20,2810,40,1.4,161,4,23,,,,1276,1374,120015,3782,0,0,120015,3782,1.06,,,
16/05/20,2819,9,0.3,162,1,23,,,,1283,1374,126283,6268,0,0,126283,6268,0.14,,,
17/05/20,2834,15,0.5,163,1,22,,,,1297,1374,128525,2242,0,0,128525,2242,0.67,,,
18/05/20,2836,2,0.1,165,2,24,,,,1297,1374,131684,3159,0,0,131684,3159,0.06,,,
19/05/20,2840,4,0.1,166,1,22,,,,1301,1374,136001,4317,0,0,136001,4317,0.09,,,
20/05/20,2850,10,0.4,167,1,22,,,,1310,1374,139445,3444,0,0,139445,3444,0.29,,,
21/05/20,2853,3,0.1,168,1,21,,,,1311,1374,144078,4633,0,0,144078,4633,0.06,,,
22/05/20,2873,21,0.7,169,1,19,,,,1331,1374,147958,3880,0,0,147958,3880,0.54,,,
23/05/20,2876,3,0.1,171,2,20,,,,1331,1374,152998,5040,0,0,152998,5040,0.06,,,
24/05/20,2878,2,0.1,171,0,19,,,,1333,1374,153963,965,0,0,153963,965,0.21,,,
25/05/20,2882,4,0.1,173,2,18,,,,1336,1374,155037,1074,0,0,155037,1074,0.37,,,
26/05/20,2889,7,0.2,173,0,18,,,,1345,1374,160991,5954,0,0,160991,5954,0.12,,,
27/05/20,2903,18,0.5,173,0,17,,,,1356,1374,166245,5254,0,0,166245,5254,0.34,,,
28/05/20,2906,3,0.1,175,2,16,,,,1357,1374,170467,4222,0,0,170467,4222,0.07,,,
29/05/20,2909,5,0.1,175,0,16,,,,1360,1374,174844,4377,0,0,174844,4377,0.11,,,
30/05/20,2915,7,0.2,175,0,14,,,,1366,1374,178316,3472,0,0,178316,3472,0.20,,,
31/05/20,2917,2,0.1,177,2,13,,,,1368,1374,180518,2202,0,0,180518,2202,0.09,,,
01/06/20,2918,2,0.0,179,2,12,,,,1365,1374,182423,1905,0,0,182423,1905,0.10,,,
02/06/20,2937,19,0.7,179,0,11,,,,1384,1374,185590,3167,0,0,185590,3167,0.60,,,
03/06/20,2937,0,0.0,179,0,11,,,,1384,1374,185590,0,0,0,185590,0,,,,
04/06/20,2952,15,0.5,180,1,9,,,,1398,1374,193929,8339,0,0,193929,8339,0.18,,,
05/06/20,2967,15,0.5,180,0,9,,,,1413,1374,193929,0,0,0,193929,0,,,,
06/06/20,2980,13,0.4,181,1,9,,,,1426,1374,193929,0,0,0,193929,0,,,,
07/06/20,2997,17,0.6,182,1,9,,,,1443,1374,193929,0,0,0,193929,0,,,,
08/06/20,3049,52,1.7,182,0,10,,,,1493,1374,193929,0,0,0,193929,0,,,,
09/06/20,3058,9,0.3,183,1,10,,,,1501,1374,231759,37830,0,0,231759,37830,0.02,,,
10/06/20,3068,11,0.3,183,0,12,,,,1511,1374,240924,9165,0,0,240924,9165,0.12,,,
11/06/20,3088,20,0.7,183,0,14,,,,1531,1374,240924,0,0,0,240924,0,,,,
12/06/20,3108,20,0.6,183,0,14,,,,1551,1374,243867,2943,0,0,243867,2943,0.68,,,
13/06/20,3112,4,0.1,183,0,13,,,,1555,1374,247452,3585,0,0,247452,3585,0.11,,,
14/06/20,3121,9,0.3,183,0,13,,,,1564,1374,250923,3471,0,0,250923,3471,0.26,,,
15/06/20,3134,13,0.4,184,1,13,,,,1576,1374,254854,3931,0,0,254854,3931,0.33,,,
16/06/20,3148,15,0.4,187,3,12,,,,1589,1374,259736,4882,0,0,259736,4882,0.31,,,
17/06/20,3203,55,1.7,187,0,11,,,,1642,1374,264930,5194,0,0,264930,5194,1.06,,,
18/06/20,3227,24,0.7,189,2,10,,,,1665,1374,270338,5408,0,0,270338,5408,0.44,,,
19/06/20,3237,10,0.3,190,1,10,,,,1674,1374,274711,4373,0,0,274711,4373,0.23,,,
20/06/20,3256,19,0.6,190,0,9,,,,1692,1374,278895,4184,0,0,278895,4184,0.45,,,
21/06/20,3266,10,0.3,190,0,9,,,,1702,1374,283146,4251,0,0,283146,4251,0.24,,,
22/06/20,3287,21,0.6,190,0,8,,,,1723,1374,285989,2843,0,0,285989,2843,0.74,,,
23/06/20,3302,16,0.5,190,0,8,,,,1738,1374,291187,5198,0,0,291187,5198,0.31,,,
24/06/20,3310,8,0.2,191,1,8,,,,1746,1374,295639,4452,0,0,295639,4452,0.18,,,
25/06/20,3321,13,0.3,191,0,9,,,,1756,1374,295639,0,0,0,295639,0,,,,
26/06/20,3343,22,0.7,191,0,11,,,,1778,1374,295851,212,0,0,295851,212,10.38,,,
27/06/20,3366,23,0.7,191,0,11,,,,1801,1374,301144,5293,0,0,301144,5293,0.43,,,
28/06/20,3376,10,0.3,191,0,10,,,,1811,1374,305137,3993,0,0,305137,3993,0.25,,,
29/06/20,3390,15,0.4,191,0,10,,,,1825,1374,308392,3255,0,0,308392,3255,0.46,,,
30/06/20,3409,20,0.6,192,1,9,,,,1843,1374,312775,4383,0,0,312775,4383,0.46,,,
01/07/20,3432,23,0.7,192,0,9,,,,1866,1374,315982,3207,0,0,315982,3207,0.72,,,
02/07/20,3458,28,0.8,192,0,8,,,,1892,1374,320427,4445,0,0,320427,4445,0.63,,,
03/07/20,3486,28,0.8,192,0,8,,,,1920,1374,325451,5024,0,0,325451,5024,0.56,,,
04/07/20,3511,25,0.7,192,0,8,,,,1945,1374,331703,6252,0,0,331703,6252,0.40,,,
05/07/20,3519,9,0.2,192,0,11,,,,1953,1374,337154,5451,0,0,337154,5451,0.17,,,
06/07/20,3562,43,1.2,194,2,11,,,,1996,1374,340328,3174,0,0,340328,3174,1.35,,,
07/07/20,3589,27,0.8,194,0,10,,,,2022,1374,349084,8756,0,0,349084,8756,0.31,,,
08/07/20,3622,33,0.9,194,0,9,,,,2055,1374,355190,6106,0,0,355190,6106,0.54,,,
09/07/20,3672,50,1.4,194,0,9,,,,2105,1374,358725,3535,0,0,358725,3535,1.41,,,
10/07/20,3732,60,1.6,194,0,9,,,,2165,1374,363412,4687,0,0,363412,4687,1.28,,,
11/07/20,3772,41,1.1,194,0,9,,,,2205,1374,371167,7755,0,0,371167,7755,0.53,,,
12/07/20,3803,31,0.8,194,0,10,,,,2236,1374,373932,2765,0,0,373932,2765,1.12,,,
13/07/20,3826,24,0.6,194,0,12,,,,2259,1374,382452,8520,0,0,382452,8520,0.28,,,
14/07/20,3883,58,1.5,194,0,13,,,,2316,1374,386307,3855,0,0,386307,3855,1.50,,,
15/07/20,3910,27,0.7,194,0,13,,,,2343,1374,391773,5466,0,0,391773,5466,0.49,,,
16/07/20,3939,35,0.7,194,0,14,,,,2372,1374,398347,6574,0,0,398347,6574,0.53,,,
17/07/20,3964,28,0.6,195,1,12,,,,2396,1374,402672,4325,0,0,402672,4325,0.65,,,
18/07/20,3983,19,0.5,195,0,12,,,,2415,1374,406040,3368,0,0,406040,3368,0.56,,,
19/07/20,4007,24,0.6,195,0,13,,,,2439,1374,410766,4726,0,0,410766,4726,0.51,,,
20/07/20,4012,11,0.1,196,1,12,,,,2443,1374,413760,2994,0,0,413760,2994,0.37,,,
21/07/20,4048,36,0.9,197,1,10,,,,2477,1374,419906,6146,0,0,419906,6146,0.59,,,
22/07/20,4077,32,0.7,201,4,10,,,,2503,1374,424675,4769,0,0,424675,4769,0.67,,,
23/07/20,4110,33,0.8,201,0,8,,,,2535,1374,430864,6189,0,0,430864,6189,0.53,,,
24/07/20,4135,26,0.6,201,0,8,,,,2560,1374,436510,5646,0,0,436510,5646,0.46,,,
25/07/20,4166,31,0.7,201,0,10,,,,2591,1374,440156,3646,0,0,440156,3646,0.85,,,
26/07/20,4193,27,0.6,202,1,9,,,,2617,1374,447685,7529,0,0,447685,7529,0.36,,,
27/07/20,4227,35,0.8,202,0,9,,,,2651,1374,451317,3632,0,0,451317,3632,0.96,,,
28/07/20,4279,52,1.2,203,1,8,,,,2702,1374,457540,6223,0,0,457540,6223,0.84,,,
29/07/20,4336,57,1.3,203,0,8,,,,2759,1374,511429,53889,0,0,511429,53889,0.11,,,
30/07/20,4401,65,1.5,204,1,7,,,,636,3562,519887,8458,0,0,519887,8458,0.77,,,
31/07/20,4477,78,1.7,206,2,9,,,,709,3562,529855,9968,0,0,529855,9968,0.78,,,
01/08/20,4587,110,2.5,206,0,10,,,,819,3562,539493,9638,0,0,539493,9638,1.14,,,
02/08/20,4662,75,1.6,208,2,12,,,,892,3562,545439,5946,0,0,545439,5946,1.26,,,
03/08/20,4737,77,1.6,209,1,13,,,,965,3562,564856,19417,0,0,564856,19417,0.40,,,
04/08/20,4855,121,2.5,210,1,13,,,,1084,3562,599709,34853,0,0,599709,34853,0.35,,,
05/08/20,4973,124,2.4,211,1,13,,,,1201,3562,609583,9874,0,0,609583,9874,1.26,,,
06/08/20,5123,153,3.0,211,0,14,,,,1351,3562,619393,9810,0,0,619393,9810,1.56,,,
07/08/20,5270,151,2.9,212,1,14,,,,1498,3562,630983,11590,0,0,630983,11590,1.30,,,
08/08/20,5421,152,2.9,213,1,17,,,,1648,3562,640297,9314,0,0,640297,9314,1.63,,,
09/08/20,5623,203,3.7,213,0,22,,,,1849,3562,650998,10701,0,0,650998,10701,1.90,,,
10/08/20,5749,126,2.2,214,1,24,,,,1974,3562,658178,7180,0,0,658178,7180,1.75,,,
11/08/20,5942,196,3.4,215,1,26,,,,2166,3562,668739,10561,0,0,668739,10561,1.86,,,
12/08/20,6177,262,4.0,217,2,24,,,,2157,3804,679785,11046,0,0,679785,11046,2.37,,,
13/08/20,6381,204,3.3,223,6,22,,,,2356,3804,687338,7553,0,0,687338,7553,2.70,,,
14/08/20,6632,254,3.9,225,2,22,,,,2605,3804,704921,17583,0,0,704921,17583,1.44,,,
15/08/20,6858,230,3.4,228,3,23,,,,2828,3804,715503,10582,0,0,715503,10582,2.17,,,
16/08/20,7075,217,3.2,230,2,24,,,,3043,3804,719311,3808,0,0,719311,3808,5.70,,,
17/08/20,7222,150,2.1,232,2,23,,,,3188,3804,726961,7650,0,0,726961,7650,1.96,,,
18/08/20,7472,269,3.5,235,3,25,,,,3436,3804,740871,13910,0,0,740871,13910,1.93,,,
19/08/20,7684,217,2.8,237,2,28,,,,3645,3804,804282,63411,0,0,804282,63411,0.34,,,
20/08/20,7934,269,3.3,238,1,30,,,,3895,3804,816450,12168,0,0,816450,12168,2.21,,,
21/08/20,8138,209,2.6,241,3,28,,,,4096,3804,826804,10354,0,0,826804,10354,2.02,,,
22/08/20,8381,264,3.0,243,2,31,,,,4337,3804,838015,11211,0,0,838015,11211,2.35,,,
23/08/20,8664,284,3.4,244,1,31,,,,4618,3804,848380,10365,0,0,848380,10365,2.74,,,
24/08/20,8819,170,1.8,244,0,31,,,,4773,3804,858138,9758,0,0,858138,9758,1.74,,,
25/08/20,8987,168,1.9,246,2,31,,,,4940,3804,872550,14412,0,0,872550,14412,1.17,,,
26/08/20,9280,293,3.3,251,5,33,,,,5228,3804,887991,15441,0,0,887991,15441,1.90,,,
27/08/20,9531,259,2.7,255,4,35,,,,5473,3804,903432,15441,0,0,903432,15441,1.68,,,
28/08/20,9800,270,2.8,259,4,35,,,,5737,3804,917265,13833,0,0,917265,13833,1.95,,,
29/08/20,9977,177,1.8,260,1,36,,,,5913,3804,931002,13737,0,0,931002,13737,1.29,,,
30/08/20,10134,157,1.6,263,3,35,,,,6068,3804,940882,9880,0,0,940882,9880,1.59,,,
31/08/20,10317,183,1.8,268,5,36,,,,6247,3804,949367,8485,0,0,949367,8485,2.16,,,
01/09/20,10524,207,2.0,272,4,38,,,,6449,3804,966346,16979,0,0,966346,16979,1.22,,,
02/09/20,10757,233,2.2,275,3,38,,,,6680,3804,980500,14154,0,0,980500,14154,1.65,,,
03/09/20,10998,241,2.2,278,3,39,,,,6916,3804,992566,12066,0,0,992566,12066,2.00,,,
04/09/20,11200,202,1.8,279,1,38,,,,7117,3804,1003142,10576,0,0,1003142,10576,1.91,,,
05/09/20,11386,187,1.7,281,2,40,,,,7302,3804,1015064,11922,0,0,1015064,11922,1.57,,,
06/09/20,11524,144,1.2,285,4,41,,,,7436,3804,1027618,12554,0,0,1027618,12554,1.15,,,
07/09/20,11663,156,1.2,289,4,42,,,,4888,6486,1037836,10218,0,0,1037836,10218,1.53,,,
08/09/20,11832,169,1.4,292,3,42,,,,5056,6486,1050259,12423,0,0,1050259,12423,1.36,,,
09/09/20,12080,248,2.1,296,4,46,,,,5301,6486,1066305,16046,0,0,1066305,16046,1.55,,,
10/09/20,12452,372,3.1,297,1,49,,,,5669,6486,1082401,16096,0,0,1082401,16096,2.31,,,
11/09/20,12734,287,2.3,301,4,52,,,,5948,6486,1094354,11953,0,0,1094354,11953,2.40,,,
12/09/20,13036,302,2.4,302,1,53,,,,6248,6486,1112992,18638,0,0,1112992,18638,1.62,,,
13/09/20,13240,207,1.6,306,4,54,,,,6449,6486,1125882,12890,0,0,1125882,12890,1.61,,,
14/09/20,13420,180,1.4,312,6,59,,,,6624,6486,1133027,7145,0,0,1133027,7145,2.52,,,
15/09/20,13730,310,2.3,314,2,67,,,,6931,6486,1144549,11522,0,0,1144549,11522,2.69,,,
16/09/20,14041,312,2.3,321,7,67,,,,7239,6486,1157897,13348,0,0,1157897,13348,2.34,,,
17/09/20,14400,359,2.6,328,7,69,,,,7589,6486,1170292,12395,0,0,1170292,12395,2.90,,,
18/09/20,14738,339,2.3,330,2,71,,,,7925,6486,1181712,11420,0,0,1181712,11420,2.97,,,
19/09/20,14978,240,1.6,332,2,65,,,,8161,6486,1194013,12301,0,0,1194013,12301,1.95,,,
20/09/20,15142,170,1.1,340,8,78,,,,8318,6486,1202213,8200,0,0,1202213,8200,2.07,,,
21/09/20,15595,453,3.0,347,7,79,,,,8765,6486,1210118,7905,0,0,1210118,7905,5.73,,,
22/09/20,15928,346,2.1,353,6,77,,,,9090,6486,1221017,10899,0,0,1221017,10899,3.17,,,
23/09/20,16286,358,2.2,357,4,73,,,,9443,6486,1233229,12212,0,0,1233229,12212,2.93,,,
24/09/20,16627,342,2.1,367,10,68,,,,5502,10759,1246363,13134,0,0,1246363,13134,2.60,,,
25/09/20,16913,286,1.7,372,5,63,,,,5785,10759,1256436,10073,0,0,1256436,10073,2.84,,,
26/09/20,17228,315,1.9,376,4,68,,,,6093,10759,1269055,12619,8879,8879,1277934,21498,1.47,,,
27/09/20,17444,218,1.3,381,5,68,,,,6306,10759,1278587,9532,9902,1023,1288489,10555,2.07,,,
28/09/20,17707,269,1.5,384,3,73,,,,6565,10759,1284694,6107,9902,0,1294596,6107,4.40,,,
29/09/20,18123,416,2.3,390,6,79,,,,6976,10759,1296795,12101,10719,817,1307514,12918,3.22,,,
30/09/20,18475,354,1.9,391,1,78,,,,7325,10759,1307549,10754,11504,785,1319053,11539,3.07,,,
01/10/20,18886,411,2.2,394,3,89,,,,7734,10759,1318336,10787,12288,784,1330624,11571,3.55,,,
02/10/20,19346,460,2.4,398,4,85,,,,7262,11686,1328042,9706,13100,812,1341142,10518,4.37,,,
03/10/20,19613,267,1.4,405,7,79,,,,7522,11686,1339664,11622,14071,971,1353735,12593,2.12,,,
04/10/20,19842,229,1.2,409,4,82,,,,7747,11686,1349123,9459,15019,948,1364142,10407,2.20,,,
05/10/20,20142,303,1.5,419,10,83,,,,8039,11686,1355126,6003,16291,1272,1371417,7275,4.16,,,
06/10/20,20541,399,2.0,425,6,87,,,,8435,11686,1367231,12105,17354,1063,1384585,13168,3.03,,,
07/10/20,20947,407,2.0,426,1,88,,,,8837,11686,1379036,11805,18645,1291,1397681,13096,3.11,,,
08/10/20,21381,436,2.1,430,4,91,,,,9265,11686,1390270,11234,20079,1434,1410349,12668,3.44,,,
09/10/20,21772,391,1.8,432,2,98,,,,9655,11686,1400857,10587,21906,1827,1422763,12414,3.15,,,
10/10/20,22078,306,1.4,439,7,100,,,,9956,11686,1413838,12981,24326,2420,1438164,15401,1.99,,,
11/10/20,22358,280,1.3,450,11,93,,,,10223,11686,1423000,9162,25521,1195,1448521,10357,2.70,,,
12/10/20,22652,295,1.3,458,8,91,,,,10510,11686,1429670,6670,25817,296,1455487,6966,4.23,,,
13/10/20,23060,408,1.8,462,4,89,,,,9399,13199,1449231,19561,27076,1259,1476307,20820,1.96,,,
14/10/20,23495,436,1.9,470,8,86,,,,6589,16437,1469357,20126,28481,1405,1497838,21531,2.02,,,
15/10/20,23947,453,1.9,482,12,82,,,,7028,16437,1489213,19856,30587,2106,1519800,21962,2.06,,,
16/10/20,24450,508,2.1,492,10,81,,,,7523,16437,1508460,19247,32621,2034,1541081,21281,2.39,,,
17/10/20,24932,482,2.0,502,10,83,,,,7995,16437,1527258,18798,34952,2331,1562210,21129,2.28,,,
18/10/20,25370,438,1.8,511,9,84,,,,8424,16437,1542156,14898,35568,616,1577724,15514,2.82,,,
19/10/20,25802,438,1.7,520,9,85,,,,8845,16437,1549392,7236,35856,288,1585248,7524,5.82,,,
20/10/20,26469,667,2.6,531,11,87,,,,9504,16437,1568798,19406,37842,1986,1606640,21392,3.12,,,
21/10/20,27334,865,3.3,535,4,86,,,,7051,19749,1588713,19915,41827,3985,1630540,23900,3.62,,,
22/10/20,28216,882,3.2,549,14,90,,,,7918,19749,1609040,20327,44700,2873,1653740,23200,3.80,,,
23/10/20,29057,841,3.0,559,10,89,,,,8749,19749,1629489,20449,48262,3562,1677751,24011,3.50,,,
24/10/20,29992,935,3.2,566,7,91,,,,9679,19749,1649561,20072,50846,2584,1700407,22656,4.13,,,
25/10/20,30782,790,2.6,575,9,84,,,,10459,19749,1666151,16590,52892,2046,1719043,18636,4.24,,,
26/10/20,31496,715,2.3,582,7,95,,,,11166,19749,1678129,11978,54707,1815,1732836,13793,5.18,,,
27/10/20,32752,1259,4.0,593,11,102,,,,12410,19749,1698327,20198,57656,2949,1755983,23147,5.44,,,
28/10/20,34299,1547,4.7,605,12,108,,,,13947,19749,1718450,20123,61784,4128,1780234,24251,6.38,,,
29/10/20,35510,1211,3.5,615,10,114,,,,11821,23074,1730519,12069,62678,894,1793197,12963,9.34,,,
30/10/20,37196,1690,4.7,622,7,128,,,,13502,23074,1753842,23323,68896,6218,1822738,29541,5.72,,,
31/10/20,39251,2056,5.5,626,4,135,,,,15551,23074,1777322,23480,71601,2705,1848923,26185,7.85,,,
01/11/20,40929,1678,4.3,635,9,140,,,,17220,23074,1792030,14708,72999,1398,1865029,16106,10.42,,,
02/11/20,42080,1152,2.8,645,10,153,,,,18364,23074,1804016,11986,74518,1519,1878534,13505,8.53,,,
03/11/20,44246,2166,5.1,664,19,169,,,,20517,23074,1829091,25075,77431,2913,1906522,27988,7.74,,,
04/11/20,46892,2646,6.0,690,26,179,,,,23145,23074,1853295,24204,80515,3084,1933810,27288,9.70,,,
05/11/20,49807,2917,6.2,705,15,187,,,,26031,23074,1876471,23176,83567,3052,1960038,26228,11.12,,,
06/11/20,52254,2448,4.9,720,15,196,,,,28465,23074,1902458,25987,87170,3603,1989628,29590,8.27,,,
07/11/20,54809,2556,4.9,749,29,207,,,,30986,23074,1926544,24086,90967,3797,2017511,27883,9.17,,,
08/11/20,56698,1914,3.4,784,35,228,,,,32840,23074,1941656,15112,91989,1022,2033645,16134,11.86,,,
09/11/20,58187,1490,2.6,830,46,239,,,,34288,23074,1952343,10687,92623,634,2044966,11321,13.16,,,
10/11/20,60570,2384,4.1,873,43,268,,,,36630,23074,1977560,25217,95221,2598,2072781,27815,8.57,,,
11/11/20,63321,2752,4.5,909,36,297,,,,39338,23074,2003274,25714,98697,3476,2101971,29190,9.43,,,
12/11/20,66637,3316,5.2,959,50,310,,,,42604,23074,2028196,24922,102369,3672,2130565,28594,11.60,,,
13/11/20,69675,3038,4.6,997,38,336,,,,45604,23074,2053166,24970,106834,4465,2160000,29435,10.32,,,
14/11/20,72510,2835,4.1,1035,38,366,,,,48401,23074,2078062,24896,110781,3947,2188843,28843,9.83,,,
15/11/20,74205,1698,2.3,1106,71,392,,,,50025,23074,2092324,14262,112416,1635,2204740,15897,10.68,,,
16/11/20,76403,2198,3.0,1165,59,400,,,,52164,23074,2104235,11911,113653,1237,2217888,13148,16.72,,,
17/11/20,78825,2422,3.2,1228,63,443,,,,54523,23074,2128189,23954,119497,5844,2247686,29798,8.13,,,
18/11/20,82034,3209,4.1,1288,60,480,,,,57672,23074,2153954,25765,125509,6012,2279463,31777,10.10,,,
19/11/20,85261,3227,3.9,1347,59,499,,,,60840,23074,2177279,23325,133255,7746,2310534,31071,10.39,,,
20/11/20,87812,2581,3.0,1419,72,519,,,,63319,23074,2200427,23148,141237,7982,2341664,31130,8.29,,,
21/11/20,90121,2311,2.6,1527,108,522,,,,65520,23074,2223225,22798,149359,8122,2372584,30920,7.47,,,
22/11/20,91619,1498,1.7,1630,103,540,,,,66915,23074,2235923,12698,152464,3105,2388387,15803,9.48,,,
23/11/20,93006,1388,1.5,1714,84,549,,,,68218,23074,2247132,11209,156753,4289,2403885,15498,8.96,,,
24/11/20,95137,2135,2.3,1815,101,562,,,,70248,23074,2269298,22166,166834,10081,2436132,32247,6.62,,,
25/11/20,97288,2152,2.3,1902,87,597,,,,72312,23074,2290659,21361,176486,9652,2467145,31013,6.94,,,
26/11/20,99306,2018,2.1,2001,99,608,,,,74231,23074,2311870,21211,186793,10307,2498663,31518,6.40,,,
27/11/20,101287,2013,2.0,2102,101,607,,,,76111,23074,2332931,21061,196577,9784,2529508,30845,6.53,,,
28/11/20,103034,1747,1.7,2223,121,606,,,,77737,23074,2354043,21112,204919,8342,2558962,29454,5.93,,,
29/11/20,104227,1193,1.2,2321,98,607,,,,78832,23074,2366363,12320,209025,4106,2575388,16426,7.26,,,
30/11/20,105271,1044,1.0,2406,85,600,,,,79791,23074,2373566,7203,213194,4169,2586760,11372,9.18,,,
01/12/20,107470,2199,2.1,2517,111,596,,,,81879,23074,2394598,21032,223085,9891,2617683,30923,7.11,,,
02/12/20,109655,2186,2.0,2606,89,613,,,,83975,23074,2413710,19112,232453,9368,2646163,28480,7.68,,,
03/12/20,111537,1882,1.7,2706,100,622,,,,85757,23074,2432614,18904,243348,10895,2675962,29799,6.32,,,
04/12/20,113185,1667,1.5,2804,98,612,,,,87307,23074,2450855,18241,252189,8841,2703044,27082,6.16,,,
05/12/20,114568,1383,1.2,2902,98,594,,,,88592,23074,2469947,19092,260736,8547,2730683,27639,5.00,,,
06/12/20,115471,904,0.8,3003,101,600,,,,89394,23074,2479161,9214,264490,3754,2743651,12968,6.97,,,
07/12/20,116721,1251,1.1,3092,89,600,,,,90555,23074,2485266,6105,268911,4421,2754177,10526,11.88,,,
08/12/20,118045,1382,1.1,3194,102,579,,,,91777,23074,2504704,19438,279523,10612,2784227,30050,4.60,,,
09/12/20,119720,1677,1.4,3289,95,578,,,,93357,23074,2522718,18014,291801,12278,2814519,30292,5.54,,,
10/12/20,121253,1534,1.3,3370,81,571,,,,94809,23074,2540044,17326,306969,15168,2847013,32494,4.72,,,
11/12/20,122648,1395,1.2,3472,102,583,,,,96102,23074,2557145,17101,322615,15646,2879760,32747,4.26,,,
12/12/20,123842,1194,1.0,3540,68,577,,,,97228,23074,2572828,15683,338216,15601,2911044,31284,3.82,,,
13/12/20,124534,693,0.6,3625,85,552,,,,97835,23074,2582260,9432,344576,6360,2926836,15792,4.39,,,
14/12/20,125173,639,0.5,3687,62,558,,,,98412,23074,2589438,7178,349377,4801,2938815,11979,5.33,,,
15/12/20,126372,1240,1.0,3785,98,550,,,,99513,23074,2607015,17577,364737,15360,2971752,32937,3.76,,,
16/12/20,127557,1190,0.9,3870,85,552,,,,17058,23074,2624305,17290,381174,16437,3005479,33727,3.53,,,
17/12/20,128710,1155,0.9,3948,78,547,,,,18135,23074,2640158,15853,398830,17656,3038988,33509,3.45,,,
18/12/20,129584,916,0.7,4044,96,527,,,,18955,23074,2657007,16849,418065,19235,3075072,36084,2.54,,,
19/12/20,130485,901,0.7,4102,58,534,,,,28071,98312,2674207,17200,433466,15401,3107673,32601,2.76,,,
20/12/20,131072,588,0.4,4172,70,515,,,,28588,98312,2682846,8639,440453,6987,3123299,15626,3.76,,,
21/12/20,131597,526,0.4,4257,85,505,,,,29028,98312,2687812,4966,447348,6895,3135160,11861,4.43,,,
22/12/20,132430,853,0.6,4340,83,491,,,,29778,98312,2704574,16762,464309,16961,3168883,33723,2.53,,,
23/12/20,133365,937,0.7,4402,62,495,,,,30651,98312,2719872,15298,482598,18289,3202470,33587,2.79,,,
24/12/20,134235,873,0.7,4457,55,476,,,,31466,98312,2733988,14116,500257,17659,3234245,31775,2.75,,,
25/12/20,134852,617,0.5,4507,50,470,,,,32033,98312,2749537,15549,514770,14513,3264307,30062,2.05,,,
26/12/20,135114,262,0.2,4553,46,473,,,,32249,98312,2752754,3217,517385,2615,3270139,5832,4.49,,,
27/12/20,135456,342,0.3,4606,53,469,,,,32538,98312,2756221,3467,520061,2676,3276282,6143,5.57,,,
28/12/20,135931,476,0.4,4672,66,467,,,,32947,98312,2759530,3309,524091,4030,3283621,7339,6.49,,,
29/12/20,136976,1047,0.8,4730,58,458,,,,33934,98312,2775021,15491,540529,16438,3315550,31929,3.28,,,
30/12/20,137918,942,0.7,4788,58,443,,,,34818,98312,2789454,14433,561111,20582,3350565,35015,2.69,,,
31/12/20,138850,932,0.7,4838,50,438,,,,35700,98312,2803026,13572,579462,18351,3382488,31923,2.92,,,
01/01/21,139447,597,0.4,4881,43,429,,,,36254,98312,2817705,14679,593422,13960,3411127,28639,2.08,,,
02/01/21,139709,262,0.2,4921,40,431,,,,36476,98312,2820861,3156,595064,1642,3415925,4798,5.46,,,
03/01/21,140099,390,0.3,4957,36,421,,,,36830,98312,2825227,4366,599202,4138,3424429,8504,4.59,,,
04/01/21,140526,427,0.3,5011,54,407,,,,37203,98312,2828461,3234,604250,5048,3432711,8282,5.16,,,
05/01/21,141453,928,0.7,5051,40,405,,,,38091,98312,2840278,11817,624429,20179,3464707,31996,2.90,,,
06/01/21,142267,816,0.6,5099,48,399,,,,38859,98312,2854159,13881,640834,16405,3494993,30286,2.69,,,
07/01/21,142777,510,0.4,5146,47,391,,,,39322,98312,2859041,4882,644649,3815,3503690,8697,5.86,,,
08/01/21,143494,721,0.5,5195,49,386,,,,39994,98312,2870898,11857,669250,24601,3540148,36458,1.98,,,
09/01/21,144293,800,0.6,5227,32,362,,,,40762,98312,2882726,11828,694105,24855,3576831,36683,2.18,,,
10/01/21,144738,445,0.3,5263,36,353,,,,41163,98312,2891190,8464,705349,11244,3596539,19708,2.26,,,
11/01/21,145179,444,0.3,5302,39,350,,,,41565,98312,2897143,5953,716066,10717,3613209,16670,2.66,,,
12/01/21,146020,866,0.6,5329,27,337,,,,42379,98312,2909699,12556,745184,29118,3654883,41674,2.08,,,
13/01/21,146688,671,0.5,5354,25,340,,,,43022,98312,2921563,11864,768300,23116,3689863,34980,1.92,,,
14/01/21,147283,599,0.4,5387,33,328,,,,43584,98312,2933838,12275,791064,22764,3724902,35039,1.71,,,
15/01/21,147860,610,0.4,5421,34,319,,,,44127,98312,2945406,11568,812024,20960,3757430,32528,1.88,,,
16/01/21,148370,510,0.3,5441,20,323,,,,44617,98312,2956862,11456,830881,18857,3787743,30313,1.68,,,
17/01/21,148607,237,0.2,5469,28,320,,,,44826,98312,2962952,6090,835586,4705,3798538,10795,2.20,,,
18/01/21,148925,320,0.2,5488,19,322,,,,45125,98312,2966664,3712,840047,4461,3806711,8173,3.92,,,
19/01/21,149462,566,0.4,5518,30,320,,,,45632,98312,2977596,10932,860714,20667,3838310,31599,1.79,,,
20/01/21,149973,516,0.3,5545,27,300,,,,46116,98312,2989339,11743,879400,18686,3868739,30429,1.70,,,
21/01/21,150479,509,0.3,5570,25,293,,,,46597,98312,3000313,10974,897881,18481,3898194,29455,1.73,,,
22/01/21,151041,585,0.4,5598,28,288,,,,47131,98312,3012892,12579,917739,19858,3930631,32437,1.80,,,
23/01/21,151646,605,0.4,5622,24,292,,,,47712,98312,3024976,12084,936651,18912,3961627,30996,1.95,,,
24/01/21,151980,334,0.2,5646,24,288,,,,48022,98312,3030752,5776,942748,6097,3973500,11873,2.81,,,
25/01/21,152412,436,0.3,5671,25,286,,,,48429,98312,3034059,3307,948835,6087,3982894,9394,4.64,,,
26/01/21,153226,842,0.5,5692,21,283,,,,49222,98312,3051263,17204,967871,19036,4019134,36240,2.32,,,
27/01/21,154083,858,0.6,5724,32,274,,,,5324,143035,3071337,20074,985492,17621,4056829,37695,2.28,,,
28/01/21,154796,716,0.5,5742,18,268,,,,6022,143032,3087133,15796,1003740,18248,4090873,34044,2.10,,,
29/01/21,155678,941,0.6,5764,22,260,,,,6941,142973,3114419,27286,1021835,18095,4136254,45381,2.07,,,
30/01/21,156473,795,0.5,5779,15,257,,,,7721,142973,3127309,12890,1040849,19014,4168158,31904,2.49,,,
31/01/21,156957,484,0.3,5796,17,255,,,,8188,142973,3133965,6656,1047350,6501,4181315,13157,3.68,,,
01/02/21,157495,543,0.3,5829,33,248,,,,8698,142968,3137674,3709,1054992,7642,4192666,11351,4.78,,,
02/02/21,158716,1261,0.8,5851,22,244,,,,9937,142928,3154395,16721,1075862,20870,4230257,37591,3.35,,,
03/02/21,159866,1151,0.7,5878,27,246,,,,7350,146638,3169516,15121,1099437,23575,4268953,38696,2.97,,,
04/02/21,160935,1070,0.7,5903,25,249,,,,8395,146637,3185847,16331,1127502,28065,4313349,44396,2.41,,,
05/02/21,162107,1195,0.7,5922,19,246,,,,9571,146614,3207175,21328,1152062,24560,4359237,45888,2.60,,,
06/02/21,163213,1113,0.7,5951,29,249,,,,10655,146607,3229203,22028,1176091,24029,4405294,46057,2.42,,,
07/02/21,163946,733,0.4,5972,21,262,,,,11367,146607,3242331,13128,1184960,8869,4427291,21997,3.33,,,
08/02/21,164575,638,0.4,5997,25,276,,,,11980,146598,3253668,11337,1191775,6815,4445443,18152,3.51,,,
09/02/21,166067,1526,0.9,6017,20,277,,,,13486,146564,3277437,23769,1221021,29246,4498458,53015,2.88,,,
10/02/21,167549,1496,0.9,6034,17,284,,,,9567,151948,3300237,22800,1249628,28607,4549865,51407,2.91,,,
11/02/21,168872,1327,0.8,6056,22,281,,,,10872,151944,3323323,23086,1277421,27793,4600744,50879,2.61,,,
12/02/21,170244,1410,0.8,6077,21,293,,,,12261,151906,3346594,23271,1301812,24391,4648406,47662,2.96,,,
13/02/21,171466,1222,0.7,6103,26,300,,,,13457,151906,3367458,20864,1326781,24969,4694239,45833,2.67,,,
14/02/21,172128,662,0.4,6126,23,301,1218,,248,14096,151906,3379836,12378,1334097,7316,4713933,19694,3.36,,,
15/02/21,172824,698,0.4,6152,26,299,1224,6,201,14768,151904,3389533,9697,1337704,3607,4727237,13304,5.25,,,
16/02/21,173905,1121,0.6,6181,29,309,1231,7,190,15860,151864,3411078,21545,1356605,18901,4767683,40446,2.77,,,
17/02/21,174659,755,0.4,6194,13,313,1246,15,211,10420,158045,3424721,13643,1368686,12081,4793407,25724,2.94,,,
18/02/21,176059,1400,0.8,6221,27,320,1256,10,181,11793,158045,3444687,19966,1385729,17043,4830416,37009,3.78,,,
19/02/21,177494,1460,0.8,6249,28,325,1267,11,277,13225,158020,3467996,23309,1408073,22344,4876069,45653,3.20,,,
20/02/21,178918,1424,0.8,6272,23,325,1270,3,247,14626,158020,3488888,20892,1430491,22418,4919379,43310,3.29,,,
21/02/21,179802,884,0.5,6297,25,326,1273,3,259,15485,158020,3503604,14716,1438914,8423,4942518,23139,3.82,,,
22/02/21,180672,880,0.5,6321,24,346,1280,7,264,16341,158010,3513801,10197,1444327,5413,4958128,15610,5.64,,,
23/02/21,182783,2147,1.2,6343,22,357,1291,11,299,18466,157974,3538932,25131,1474739,30412,5013671,55543,3.87,,,
24/02/21,184686,1913,1.0,6371,28,357,1299,8,304,12686,165629,3561455,22523,1501431,26692,5062886,49215,3.89,,,
25/02/21,186469,1784,1.0,6410,39,367,1315,16,292,14431,165628,3584647,23192,1528486,27055,5113133,50247,3.55,,,
26/02/21,188201,1790,0.9,6439,29,371,1326,11,270,16192,165570,3608508,23861,1554959,26473,5163467,50334,3.56,,,
27/02/21,189831,1630,0.9,6468,29,379,1338,12,346,17793,165570,3631831,23323,1577701,22742,5209532,46065,3.54,,,
28/02/21,191100,1269,0.7,6504,36,391,1341,3,291,19026,165570,3648549,16718,1587313,9612,5235862,26330,4.82,,,
01/03/21,192270,1176,0.6,6534,30,406,1347,6,259,20172,165564,3660395,11846,1593403,6090,5253798,17936,6.56,,,
02/03/21,194582,2353,1.2,6557,23,422,1364,17,289,22502,165523,3687088,26693,1627965,34562,5315053,61255,3.84,,,
03/03/21,197279,2702,1.4,6597,40,431,1376,12,394,15155,175527,3711523,24435,1658083,30118,5369606,54553,4.95,,,
04/03/21,199496,2219,1.1,6632,35,449,1389,13,365,17339,175525,3735891,24368,1689417,31334,5425308,55702,3.98,,,
05/03/21,201677,2215,1.1,6664,32,451,1398,9,402,19522,175491,3762062,26171,1719307,29890,5481369,56061,3.95,,,
06/03/21,203978,2301,1.1,6705,41,452,1403,5,356,21782,175491,3785749,23687,1748729,29422,5534478,53109,4.33,,,
07/03/21,205120,1142,0.6,6758,53,466,1408,5,429,22871,175491,3801060,15311,1757916,9187,5558976,24498,4.66,,,
08/03/21,206281,1165,0.6,6797,39,477,1416,8,337,23997,175487,3813090,12030,1764911,6995,5578001,19025,6.12,,,
09/03/21,209462,3215,1.5,6843,46,484,1427,11,390,27166,175453,3835960,22870,1802079,37168,5638039,60038,5.35,,,
10/03/21,212091,2633,1.3,6886,43,479,1445,18,443,18835,186370,3855184,19224,1834637,32558,5689821,51782,5.08,,,
11/03/21,214661,2570,1.2,6937,51,506,1457,12,501,21354,186370,3873938,18754,1865961,31324,5739899,50078,5.13,,,
12/03/21,217018,2405,1.1,6986,49,521,1472,15,464,23710,186322,3891671,17733,1895785,29824,5787456,47557,5.06,,,
13/03/21,219521,2512,1.2,7038,52,545,1482,10,444,26170,186313,3910466,18795,1927329,31544,5837795,50339,4.99,,,
14/03/21,221147,1626,0.7,7091,53,564,1489,7,424,27743,186313,3919045,8579,1937573,10244,5856618,18823,8.64,,,
15/03/21,222281,1134,0.5,7137,46,564,1494,5,461,28831,186313,3925165,6120,1943167,5594,5868332,11714,9.68,,,
16/03/21,223789,1533,0.7,7196,59,605,1505,11,446,30305,186288,3931409,6244,1949382,6215,5880791,12459,12.30,,,
17/03/21,227247,3465,1.5,7252,56,630,1516,11,406,19958,200037,3956130,24721,1988315,38933,5944445,63654,5.44,,,
18/03/21,230317,3073,1.4,7297,45,645,1537,21,525,22986,200034,3976365,20235,2021686,33371,5998051,53606,5.73,,,
19/03/21,233079,2785,1.2,7361,64,649,1555,18,507,25707,200011,3995312,18947,2055589,33903,6050901,52850,5.27,,,
20/03/21,235611,2535,1.1,7421,60,672,1572,17,513,28182,200008,4012993,17681,2088966,33377,6101959,51058,4.96,,,
21/03/21,237125,1514,0.6,7462,41,674,1577,5,512,29655,200008,4020586,7593,2099431,10465,6120017,18058,8.38,,,
22/03/21,238830,1707,0.7,7531,69,681,1592,15,394,31293,200006,4027501,6915,2106590,7159,6134091,14074,12.13,,,
23/03/21,242347,3586,1.5,7582,51,699,1613.0,21.0,518.0,34828,199937,4051592,24091,2146920,40330,6198512,64421,5.57,,,
24/03/21,245405,3062,1.3,7649,67,699,1632.0,19.0,476.0,37823,199933,4071496,19904,2182858,35938,6254354,55842,5.48,,,
25/03/21,247992,2588,1.1,7701,52,706,1643.0,11.0,439.0,40359,199932,4087979,16483,2219268,36410,6307247,52893,4.89,,,
26/03/21,249458,1496,0.6,7754,53,707,1648.0,5.0,448.0,22480,219224,4093890,5911,2224899,5631,6318789,11542,12.96,,,
27/03/21,252590,3133,1.3,7826,72,728,1656.0,8.0,371.0,25541,219223,4113428,19538,2263519,38620,6376947,58158,5.39,,,
28/03/21,254031,1449,0.6,7880,54,735,1664.0,8.0,422.0,26936,219215,4121854,8426,2276371,12852,6398225,21278,6.81,,,
29/03/21,255755,1724,0.7,7945,65,738,1677.0,13.0,456.0,28595,219215,4128578,6724,2285254,8883,6413832,15607,11.05,,,
30/03/21,260077,4340,1.7,8017,72,741,1688.0,11.0,402.0,32863,219197,4151736,23158,2328075,42821,6479811,65979,6.58,,,
31/03/21,263689,3616,1.4,8093,76,739,1701.0,13.0,479.0,36403,219193,4171213,19477,2364533,36458,6535746,55935,6.46,,,
01/04/21,267172,3491,1.3,8160,67,755,1717.0,16.0,561.0,39827,219185,4188841,17628,2400363,35830,6589204,53458,6.53,,,
02/04/21,270230,3080,1.2,8232,72,753,1733.0,16.0,562.0,24403,237595,4207890,19049,2438217,37854,6646107,56903,5.41,,,
03/04/21,273459,3232,1.2,8302,70,755,1746.0,13.0,449.0,27565,237592,4227317,19427,2480911,42694,6708228,62121,5.2,,,
04/04/21,275414,1955,0.7,8380,78,749,1761.0,15.0,562.0,29442,237592,4235692,8375,2495830,14919,6731522,23294,8.39,,,
05/04/21,277277,1866,0.7,8453,73,759,1771.0,10.0,438.0,31235,237589,4242344,6652,2505510,9680,6747854,16332,11.43,,,
06/04/21,281570,4309,1.6,8532,79,751,1788.0,17.0,526.0,35465,237573,4266887,24543,2556149,50639,6823036,75182,5.73,,,
07/04/21,285015,3445,1.2,8607,75,749,1805.0,17.0,524.0,38835,237573,4287306,20419,2590909,34760,6878215,55179,6.24,,,
08/04/21,288230,3228,1.1,8680,73,776,1825.0,20.0,595.0,41990,237560,4305364,18058,2631307,40398,6936671,58456,5.52,,,
09/04/21,290964,2747,1.0,8758,78,790,1839.0,14.0,559.0,26990,255216,4323754,18390,2670287,38980,6994041,57370,4.79,,,
10/04/21,293763,2801,1.0,8833,75,781,1853.0,14.0,504.0,29716,255214,4342220,18466,2691374,21087,7033594,39553,7.08,,,
11/04/21,295480,1718,0.6,8885,52,780,1859.0,6.0,460.0,31382,255213,4349078,6858,2739721,48347,7088799,55205,3.11,,,
12/04/21,297086,1606,0.5,8961,76,781,1870.0,11.0,539.0,32912,255213,4356066,6988,2753405,13684,7109471,20672,7.77,,,
13/04/21,301103,4033,1.4,9054,93,802,1901.0,31.0,458.0,36852,255197,4381024,24958,2804517,51112,7185541,76070,5.3,,,
14/04/21,304184,3089,1.0,9135,81,809,1912.0,11.0,562.0,39860,255189,4399493,18469,2849758,45241,7249251,63710,4.85,254157,4201,575
15/04/21,308006,3833,1.3,9239,104,819,1925.0,13.0,526.0,43589,255178,4420307,20814,2893942,44184,7314249,64998,5.9,254157,4201,575
16/04/21,311033,3067,1.0,9330,91,824,1927.0,2.0,547.0,26890,274813,4440181,19874,2939277,45335,7379458,65209,4.7,254157,4201,575
17/04/21,313444,2411,0.8,9397,67,837,1936.0,9.0,507.0,29234,274813,4457713,17532,2985926,46649,7443639,64181,3.76,254157,4201,575
18/04/21,315273,1829,0.6,9462,65,841,1941.0,5.0,495.0,30998,274813,4465403,7690,3003405,17479,7468808,25169,7.27,254157,4201,575
19/04/21,316879,1607,0.5,9540,78,847,1943.0,2.0,468.0,32527,274812,4472000,6597,3017656,14251,7489656,20848,7.71,254157,4201,575
20/04/21,320629,3789,1.2,9627,87,847,1963.0,20.0,406.0,36229,274773,4495623,23623,3072461,54805,7568084,78428,4.83,254157,4201,575
21/04/21,323639,3015,0.9,9713,86,831,1976.0,13.0,556.0,39158,274768,4513075,17452,3116332,43871,7629407,61323,4.92,834819,9753,1753
22/04/21,326395,2759,0.9,9788,75,822,1986.0,10.0,468.0,41842,274765,4532854,19779,3159601,43269,7692455,63048,4.38,834819,9753,1753
23/04/21,329134,2754,0.8,9864,76,819,2003.0,17.0,456.0,23251,296019,4551139,18285,3207678,48077,7758817,66362,4.15,834819,9753,1753
24/04/21,331730,2597,0.8,9950,86,797,2019.0,16.0,472.0,25762,296018,4569062,17923,3255906,48228,7824968,66151,3.93,834819,9753,1753
25/04/21,333129,1400,0.4,10007,57,816,2032.0,13.0,481.0,27105,296017,4577609,8547,3270465,14559,7848074,23106,6.06,834819,9753,1753
26/04/21,334436,1317,0.4,10087,80,811,2050.0,18.0,451.0,28342,296007,4583653,6044,3286794,16329,7870447,22373,5.89,834819,9753,1753
27/04/21,337723,3313,1.0,10179,92,813,2070.0,20.0,367.0,31563,295981,4608141,24488,3339160,52366,7947301,76854,4.31,834819,9753,1753
28/04/21,340493,2781,0.8,10242,63,805,2087.0,17.0,530.0,34281,295970,4626906,18765,3381686,42526,8008592,61291,4.54,1743029,33970,4392
29/04/21,342908,2435,0.7,10315,73,817,2104.0,17.0,484.0,36643,295950,4645215,18309,3434476,52790,8079691,71099,3.42,1827386,38661,4392
30/04/21,345033,2155,0.6,10381,66,802,2121.0,17.0,419.0,38732,295920,4660896,15681,3475264,40788,8136160,56469,3.82,1892348,44821,4392
01/05/21,346422,1391,0.4,10453,72,811,2124.0,3.0,419.0,40051,295918,4668275,7379,3497337,22073,8165612,29452,4.72,1940118,49546,4392
02/05/21,346422,0,0.0,10453,0,811,2124.0,0.0,0.0,40051,295918,4668275,0,3497337,0,8165612,0,0.0,1940118,49546,4392
03/05/21,348568,2146,0.0,10587,134,797,2146.0,22.0,363.0,42063,295918,4678223,9948,3511226,13889,8189449,23837,9.0,1978625,51762,4392
04/05/21,349936,1387,0.4,10668,81,783,2146.0,0.0,387.0,43369,295899,4685281,7058,3525679,14453,8210960,21511,6.45,2133636,52933,4392
05/05/21,352027,2093,0.6,10764,96,765,2148.0,2.0,369.0,24009,317254,4694400,9119,3550518,24839,8244918,33958,6.16,2285920,54936,7304
06/05/21,355445,3421,1.0,10847,83,754,2153.0,5.0,370.0,27347,317251,4718204,23804,3606731,56213,8324935,80017,4.28,2391693,63376,7304
07/05/21,358116,2691,0.8,10910,63,749,2165.0,12.0,392.0,29975,317231,4736061,17857,3650679,43948,8386740,61805,4.35,3148992,71910,7304
08/05/21,360577,2461,0.7,10978,68,737,2174.0,9.0,371.0,32368,317231,4753945,17884,3691744,41065,8445689,58949,4.17,3224254,78550,7304
09/05/21,362004,1428,0.4,11029,51,728,2183.0,9.0,370.0,33745,317230,4761301,7356,3707257,15513,8468558,22869,6.24,3280544,82721,7304
10/05/21,363904,1904,0.5,11089,60,732,2199.0,16.0,383.0,18870,333945,4768470,7169,3728215,20958,8496685,28127,6.77,4257934.0,89363.0,7304.0
11/05/21,367076,3197,0.9,11141,52,732,2216.0,17.0,294.0,22015,333920,4794587,26117,3787668,59453,8582255,85570,3.74,4485813.0,99162.0,7304.0
12/05/21,369554,2489,0.7,11211,70,707,2226.0,10.0,318.0,24434,333909,4813086,18499,3832276,44608,8645362,63107,3.94,4639427.0,109885.0,12610.0
13/05/21,371693,2167,0.6,11266,55,683,2238.0,12.0,293.0,26546,333881,4830483,17397,3877194,44918,8707677,62315,3.48,4738706.0,119329.0,12610.0
14/05/21,373881,2188,0.6,11322,56,677,2255.0,17.0,381.0,28678,333881,4876916,46433,3895894,18700,8772810,65133,3.36,4883978.0,129596.0,12610.0
15/05/21,375831,1957,0.5,11365,43,661,2272.0,17.0,302.0,30592,333874,4865756,-11160,3966981,71087,8832737,59927,3.27,5161222.0,134635.0,12610.0
16/05/21,377090,1262,0.3,11415,50,656,2280.0,8.0,287.0,31804,333871,4873517,7761,3982663,15682,8856180,23443,5.38,5331757.0,141516.0,12610.0
17/05/21,378485,1402,0.4,11471,56,647,2287.0,7.0,318.0,20974,346040,4878869,5352,4000639,17976,8879508,23328,6.01,5453237.0,145487.0,12610.0
18/05/21,381266,2812,0.7,11534,63,639,2298.0,11.0,334.0,23723,346009,4901080,22211,4048945,48306,8950025,70517,3.99,6673941.0,152068.0,12610.0
19/05/21,383558,2293,0.6,11587,53,642,2312.0,14.0,305.0,25963,346008,4917721,16641,4085487,36542,9003208,53183,4.31,8656688.0,164873.0,17869.0
20/05/21,385444,1918,0.5,11641,54,626,2314.0,2.0,295.0,27827,345976,4934070,16349,4125661,40174,9059731,56523,3.39,8756361.0,176680.0,17869.0
21/05/21,387426,2020,0.5,11697,56,617,2327.0,13.0,260.0,29791,345938,4950049,15979,4162376,36715,9112425,52694,3.83,9072577.0,185138.0,17869.0
22/05/21,388929,1505,0.4,11734,37,586,2342.0,15.0,267.0,31259,345936,4965707,15658,4201859,39483,9167566,55141,2.73,9175466.0,193952.0,17869.0
23/05/21,389804,877,0.2,11772,38,569,2348.0,6.0,229.0,32098,345934,4972207,6500,4215435,13576,9187642,20076,4.37,9232882.0,200697.0,17869.0
24/05/21,391181,1381,0.4,11822,50,563,2353.0,5.0,210.0,19747,359612,4977160,4953,4231657,16222,9208817,21175,6.52,9405203.0,203251.0,17869.0
25/05/21,393583,2433,0.6,11872,50,556,2368.0,15.0,194.0,22130,359581,4998921,21761,4279998,48341,9278919,70102,3.47,9911974.0,211981.0,17869.0
26/05/21,395094,1517,0.4,11916,44,547,2391.0,23.0,250.0,23603,359575,5014790,15869,4315121,35123,9329911,50992,2.97,11691177.0,222122.0,23433.0
27/05/21,396970,1905,0.5,11955,39,540,2401.0,10.0,206.0,25469,359546,5029262,14472,4349086,33965,9378348,48437,3.93,11925156.0,230556.0,23433.0
28/05/21,398898,1585,0.5,11995,40,521,2411.0,10.0,231.0,27014,359889,5043871,14609,4383466,34380,9427337,48989,3.24,12266667.0,243003.0,23433.0
29/05/21,400395,1497,0.4,12024,29,510,2417.0,6.0,203.0,28482,359889,5058295,14424,4419509,36043,9477804,50467,2.97,12454713.0,251357.0,23433.0
30/05/21,401301,907,0.2,12054,30,497,2420.0,3.0,198.0,29359,359888,5064613,6318,4432966,13457,9497579,19775,4.59,12515855.0,260566.0,23433.0
31/05/21,402306,1007,0.3,12095,41,481,2429.0,9.0,151.0,16617,373594,5069902,5289,4450663,17697,9520565,22986,4.38,12883917.0,265218.0,23433.0
01/06/21,404163,1886,0.5,12122,27,482,2442.0,13.0,173.0,18476,373565,5089439,19537,4492770,42107,9582209,61644,3.06,14984820.0,279271.0,23433.0
02/06/21,405542,1381,0.3,12145,23,486,2462.0,20.0,198.0,19834,373563,5104035,14596,4523358,30588,9627393,45184,3.06,15274355.0,287273.0,28064.0
03/06/21,406751,1239,0.3,12184,39,476,2473.0,11.0,145.0,21034,373533,5118682,14647,4554962,31604,9673644,46251,2.68,15406333.0,296534.0,28064.0
04/06/21,407857,1112,0.3,12218,34,445,2491.0,18.0,151.0,15141,380498,5132732,14050,4588720,33758,9721452,47808,2.33,15491481.0,305713.0,28064.0
05/06/21,408789,932,0.2,12253,35,416,2498.0,7.0,149.0,16038,380498,5147883,15151,4623377,34657,9771260,49808,1.87,15830491.0,315197.0,28064.0
06/06/21,409368,580,0.1,12277,24,398,2505.0,7.0,166.0,16594,380497,5154656,6773,4637109,13732,9791765,20505,2.83,15892018.0,318392.0,28064.0
07/06/21,410166,808,0.2,12301,24,392,2510.0,5.0,129.0,17378,380487,5159892,5236,4652576,15467,9812468,20703,3.9,16121404.0,322096.0,28064.0
08/06/21,411534,1339,0.3,12331,30,381,2520.0,10.0,127.0,18687,380516,5178287,18395,4690093,37517,9868380,55912,2.39,17877723.0,332047.0,28064.0
09/06/21,412420,890,0.2,12346,15,381,2532.0,12.0,106.0,19562,380512,5192213,13926,4718149,28056,9910362,41982,2.12,18395751.0,339507.0,28064.0
10/06/21,413170,781,0.2,12370,24,376,2539.0,7.0,102.0,20319,380481,5205455,13242,4746761,28612,9952216,41854,1.87,18673290.0,347753.0,28064.0
11/06/21,413954,791,0.2,12381,11,375,2549.0,10.0,119.0,21099,380474,5219105,13650,4775214,28453,9994319,42103,1.88,18813473.0,355916.0,28064.0
12/06/21,414636,591,0.2,12405,21,360,2560.0,11.0,116.0,21669,380562,5233313,14208,4805781,30567,10039094,44775,1.32,19021187.0,365603.0,28064.0
13/06/21,414933,297,0.1,12422,17,358,2562.0,2.0,103.0,21949,380562,5239266,5953,4820342,14561,10059608,20514,1.45,19141753.0,370169.0,28064.0
14/06/21,415401,472,0.1,12443,18,353,2563.0,1.0,66.0,9373,393585,5243601,4335,4835409,15067,10079010,19402,2.43,19287402.0,374449.0,28064.0
15/06/21,416195,835,0.2,12465,22,343,2573.0,10.0,75.0,10186,393544,5259994,16393,4869596,34187,10129590,50580,1.65,20280345.0,384876.0,28064.0
16/06/21,416741,549,0.1,12478,13,330,2589.0,16.0,81.0,10722,393541,5272734,12740,4895581,25985,10168315,38725,1.42,21425464.0,392408.0,33740.0
17/06/21,417253,519,0.1,12494,16,321,2593.0,4.0,61.0,11225,393534,5285254,12520,4922372,26791,10207626,39311,1.32,21552485.0,400197.0,33740.0
18/06/21,417706,469,0.1,12514,20,307,2602.0,9.0,63.0,11674,393518,5297884,12630,4950411,28039,10248295,40669,1.15,21681161.0,408013.0,33740.0
19/06/21,418095,394,0.1,12534,20,301,2609.0,7.0,63.0,12048,393513,5309992,12108,4979049,28638,10289041,40746,0.97,21912191.0,411980.0,33740.0
20/06/21,418342,248,0.1,12548,14,296,2611.0,2.0,66.0,12282,393512,5314879,4887,4994178,15129,10309057,20016,1.24,21980577.0,415303.0,33740.0
21/06/21,418548,209,0.0,12565,17,283,2615.0,4.0,48.0,12474,393509,5318826,3947,5005679,11501,10324505,15448,1.35,21980577.0,415303.0,33740.0
22/06/21,418943,406,0.1,12581,16,277,2619.0,4.0,59.0,12864,393498,5326072,7246,5020792,15113,10346864,22359,1.82,22453750.0,420433.0,33740.0
23/06/21,419455,520,0.1,12595,14,271,2628.0,9.0,50.0,6586,400274,5341654,15582,5050929,30137,10392583,45719,1.14,22944579.0,429402.0,35221.0
24/06/21,419909,489,0.1,12613,15,256,2639.0,11.0,65.0,7060,400236,5354312,12658,5076563,25634,10430875,38292,1.28,24243281.0,433566.0,35221.0
25/06/21,420295,395,0.1,12634,21,239,2649.0,10.0,53.0,7434,400227,5366904,12592,5101278,24715,10468182,37307,1.06,24305669.0,440358.0,35221.0
26/06/21,420670,375,0.1,12646,12,238,2657.0,8.0,46.0,7797,400227,5377705,10801,5127430,26152,10505135,36953,1.01,24398820.0,444296.0,35221.0
27/06/21,420905,236,0.1,12664,18,231,2656.0,-1.0,38.0,8015,400226,5383416,5711,5145534,18104,10528950,23815,0.99,24398820.0,444296.0,35221.0
28/06/21,421266,362,0.1,12682,8,215,2659.0,3.0,39.0,8369,400215,5387930,4514,5160482,14948,10548412,19462,1.86,24843750.0,451150.0,35221.0
29/06/21,421829,605,0.1,12695,13,204,2668.0,9.0,33.0,8961,400173,5402153,14223,5191810,31328,10593963,45551,1.33,25392126.0,459636.0,35221.0
30/06/21,422456,633,0.2,12706,11,196,2684.0,16.0,37.0,9583,400167,5414099,11946,5218520,26710,10632619,38656,1.64,25878876.0,466910.0,36912.0
01/07/21,423185,761,0.2,12710,4,189,2689.0,5.0,38.0,10340,400135,5426448,12349,5247558,29038,10674006,41387,1.84,25919818.0,474929.0,36912.0
02/07/21,424165,771,0.2,12722,10,186,2689.0,0.0,33.0,11101,400342,5439032,12584,5275114,27556,10714146,40140,1.92,26003097.0,486306.0,36912.0
03/07/21,425347,1001,0.3,12731,9,177,2698.0,9.0,45.0,12093,400523,5450390,11358,5307192,32078,10757582,43436,2.3,26106659.0,494698.0,36912.0
05/07/21,426963,801,0.2,12743,6,173,2702.0,4.0,59.0,12888,401332,5460968,10578,5352993,45801,10813961,56379,1.42,26285278.0,503160.0,36912.0
06/07/21,429144,1797,0.5,12754,8,168,2709.0,7.0,48.0,3698,412692,5476624,15656,5403801,50808,10880425,66464,2.7,26915200.0,517206.0,36912.0
08/07/21,433021,2107,0.5,12773,10,153,2720.0,11.0,68.0,3554,416694,5503635,27011,5501704,97903,11005339,124914,1.69,27395988.0,555509.0,36912.0
09/07/21,435018,1997,0.5,12785,12,141,2728.0,8.0,59.0,5539,416694,5517091,13456,5556970,55266,11074061,68722,2.91,27476588.0,564355.0,36912.0
10/07/21,437345,2327,0.5,12787,2,142,2735.0,7.0,68.0,7864,416694,5531166,14075,5621281,64311,11152447,78386,2.97,27555472.0,572919.0,36912.0
11/07/21,438809,1465,0.3,12792,5,142,2736.0,1.0,65.0,9324,416693,5538580,7414,5659015,37734,11197595,45148,3.24,27613232.0,578189.0,36912.0
12/07/21,440872,2065,0.5,12802,10,139,2736.0,0.0,85.0,11379,416691,5544588,6008,5689797,30782,11234385,36790,5.61,27666555.0,581062.0,36912.0
13/07/21,444783,3109,0.9,12806,4,133,2739.0,3.0,112.0,14484,417493,5563386,18798,5756295,66498,11319681,85296,3.64,28189884.0,591732.0,36912.0
14/07/21,447718,2938,0.7,12813,7,135,2739.0,0.0,100.0,6850,428055,5578393,15007,5813856,57561,11392249,72568,4.05,28318194.0,600793.0,48120.0
15/07/21,450512,2794,0.6,12819,6,132,2740.0,1.0,112.0,9638,428055,5593806,15413,5879727,65871,11473533,81284,3.44,28496075.0,618663.0,48120.0
16/07/21,453200,2691,0.6,12833,14,123,2751.0,11.0,101.0,12315,428052,5609398,15592,5951922,72195,11561320,87787,3.07,28503883.0,629552.0,48120.0
17/07/21,455754,2562,0.6,12840,7,124,2752.0,1.0,122.0,14870,428044,5625451,16053,6027608,75686,11653059,91739,2.79,28575282.0,642455.0,48120.0
18/07/21,457312,1558,0.3,12850,10,123,2757.0,5.0,132.0,16418,428044,5635171,9720,6073461,45853,11708632,55573,2.8,28633837.0,650169.0,48120.0
19/07/21,459146,1834,0.4,12858,8,123,2760.0,3.0,141.0,18244,428044,5641011,5840,6106168,32707,11747179,38547,4.76,28697313.0,654280.0,48120.0
20/07/21,463473,3565,1.0,12867,9,121,2765.0,5.0,136.0,21800,428806,5659771,18760,6176929,70761,11836700,89521,3.98,29143346.0,669238.0,48120.0
21/07/21,466441,2972,0.6,12870,3,125,2770.0,5.0,161.0,24769,428802,5674056,14285,6238222,61293,11912278,75578,3.93,29261358.0,677282.0,55691.0
22/07/21,469042,2604,0.6,12875,5,126,2774.0,4.0,173.0,27368,428799,5689384,15328,6307518,69296,11996902,84624,3.08,29358635.0,690393.0,55691.0
23/07/21,471894,2854,0.6,12882,7,130,2778.0,4.0,145.0,16329,442683,5705040,15656,6380182,72664,12085222,88320,3.23,29423484.0,704900.0,55691.0
24/07/21,474366,2472,0.5,12890,8,133,2785.0,7.0,178.0,18793,442683,5719829,14789,6460717,80535,12180546,95324,2.59,29484510.0,721857.0,55691.0
25/07/21,475919,1553,0.3,12898,8,134,2788.0,3.0,164.0,20338,442683,5727737,7908,6514732,54015,12242469,61923,2.51,29558027.0,733056.0,55691.0
26/07/21,477975,2070,0.4,12903,5,147,2791.0,3.0,158.0,22403,442669,5733194,5457,6554268,39536,12287462,44993,4.6,29588510.0,736057.0,55691.0
27/07/21,482145,3593,0.9,12911,8,142,2794.0,3.0,153.0,25988,443246,5750783,17589,6634343,80075,12385126,97664,3.68,29823977.0,746283.0,55691.0
28/07/21,485015,2874,0.6,12926,15,144,2799.0,5.0,196.0,28847,443242,5764524,13741,6706725,72382,12471249,86123,3.34,30084807.0,756469.0,62084.0
29/07/21,487709,2696,0.6,12935,9,157,2802.0,3.0,173.0,31534,443240,5779685,15161,6793598,86873,12573283,102034,2.64,30178826.0,773032.0,62084.0
30/07/21,490552,2845,0.6,12948,12,165,2806.0,4.0,207.0,34367,443237,5794970,15285,6897246,103648,12692216,118933,2.39,30238317.0,795223.0,62084.0
31/07/21,493304,2760,0.6,12965,17,172,2808.0,2.0,151.0,37110,443229,5810257,15287,6994090,96844,12804347,112131,2.46,30289211.0,807943.0,62084.0
01/08/21,494907,1605,0.3,12975,10,176,2808.0,0.0,163.0,38705,443227,5818109,7852,7054614,60524,12872723,68376,2.35,30346206.0,817284.0,62084.0
02/08/21,497061,2156,0.4,12983,8,188,2815.0,7.0,167.0,20771,463307,5823737,5628,7097806,43192,12921543,48820,4.42,30375141.0,820745.0,62084.0
03/08/21,501030,3428,0.8,12997,14,191,2815.0,0.0,142.0,21573,466460,5841581,17844,7183663,85857,13025244,103701,3.31,30587713.0,832591.0,62084.0
04/08/21,503885,2856,0.6,13013,16,192,2820.0,5.0,204.0,24413,466459,5855279,13698,7257804,74141,13113083,87839,3.25,30840240.0,848565.0,67389.0
05/08/21,506672,2800,0.6,13026,12,192,2829.0,9.0,193.0,27201,466445,5868867,13588,7349741,91937,13218608,105525,2.65,30928183.0,867397.0,67389.0
06/08/21,509596,2925,0.6,13048,21,191,2836.0,7.0,207.0,30105,466443,5882813,13946,7456887,107146,13339700,121092,2.42,30976493.0,892299.0,67389.0
07/08/21,512342,2768,0.5,13058,10,198,2838.0,2.0,209.0,32863,466421,5897544,14731,7541082,84195,13438626,98926,2.8,31017609.0,907514.0,67389.0
08/08/21,514192,1852,0.4,13075,17,204,2842.0,4.0,209.0,34698,466419,5905486,7942,7595267,54185,13500753,62127,2.98,31060935.0,916479.0,67389.0
09/08/21,516785,2595,0.5,13097,20,207,2842.0,0.0,212.0,37273,466415,5911547,6061,7633981,38714,13545528,44775,5.8,31077150.0,919703.0,67389.0
10/08/21,521399,4181,0.9,13118,19,219,2848.0,6.0,211.0,22254,486027,5929425,17878,7718378,84397,13647803,102275,4.09,31247841.0,930795.0,67389.0
11/08/21,524871,3475,0.7,13138,19,226,2854.0,6.0,246.0,25710,486023,5943256,13831,7792616,74238,13735872,88069,3.95,31357757.0,941447.0,73465.0
12/08/21,528474,3605,0.7,13158,20,240,2863.0,9.0,200.0,29295,486021,5956225,12969,7881308,88692,13837533,101661,3.55,31364109.0,960360.0,73465.0
13/08/21,531967,3493,0.7,13182,24,235,2868.0,5.0,255.0,32764,486021,5969345,13120,7985880,104572,13955225,117692,2.97,31470007.0,984167.0,73465.0
14/08/21,535237,3270,0.6,13206,24,236,2873.0,5.0,285.0,36010,486021,5983197,13852,8070641,84761,14053838,98613,3.32,31506060.0,998772.0,73465.0
15/08/21,537125,1888,0.4,13223,17,241,2877.0,4.0,211.0,37881,486021,5990781,7584,8122329,51688,14113110,59272,3.19,31530684.0,1004543.0,73465.0
16/08/21,539337,2218,0.4,13237,13,250,2882.0,5.0,224.0,40086,486014,5996157,5376,8155270,32941,14151427,38317,5.79,31560341.0,1006487.0,73465.0
17/08/21,543749,4206,0.8,13253,16,258,2885.0,3.0,218.0,44276,486220,6016061,19904,8241505,86235,14257566,106139,3.96,31703151.0,1013968.0,73465.0
18/08/21,547186,3442,0.6,13278,25,282,2889.0,4.0,290.0,47693,486215,6032075,16014,8317390,75885,14349465,91899,3.75,31868209.0,1023779.0,79685.0
19/08/21,550459,3273,0.6,13298,20,286,2896.0,7.0,276.0,24044,513117,6047250,15175,8404513,87123,14451763,102298,3.2,31932277.0,1040959.0,79685.0
20/08/21,554055,3625,0.7,13328,30,296,2904.0,8.0,267.0,27639,513088,6062781,15531,8505830,101317,14568611,116848,3.1,31969789.0,1062707.0,79685.0
21/08/21,557239,3191,0.6,13351,23,317,2913.0,9.0,280.0,30807,513081,6077788,15007,8589994,84164,14667782,99171,3.22,32002011.0,1074320.0,79685.0
22/08/21,559186,1948,0.3,13384,33,318,2917.0,4.0,229.0,32722,513080,6086532,8744,8643668,53674,14730200,62418,3.12,32025185.0,1079515.0,79685.0
23/08/21,561812,2628,0.5,13422,34,319,2916.0,-1.0,267.0,35316,513074,6092824,6292,8684711,41043,14777535,47335,5.55,32056673.0,1081802.0,79685.0
24/08/21,566812,4608,0.9,13466,32,326,2926.0,10.0,293.0,24919,528427,6116691,23867,8782725,98014,14899416,121881,3.78,32226429.0,1091438.0,79685.0
25/08/21,570077,3273,0.6,13509,42,332,2936.0,10.0,259.0,28150,528418,6133835,17144,8859569,76844,14993404,93988,3.48,32403281.0,1094215.0,85424.0
26/08/21,573605,3538,0.6,13539,28,336,2943.0,7.0,265.0,31660,528406,6149874,16039,8946790,87221,15096664,103260,3.43,32465414.0,1099570.0,85424.0
27/08/21,576672,3076,0.5,13561,22,337,2951.0,8.0,248.0,34714,528397,6165070,15196,9044523,97733,15209593,112929,2.72,32499477.0,1107997.0,85424.0
